path,label,label_idx,category,strat_key
/Users/bestek/.cache/kagglehub/datasets/rhythmghai/ai-vs-real-images-dataset/versions/1/Ai_generated_dataset/city/image.png,AI,1,city,AI_city
/Users/bestek/.cache/kagglehub/datasets/rhythmghai/ai-vs-real-images-dataset/versions/1/Ai_generated_dataset/city/image-27.png,AI,1,city,AI_city
/Users/bestek/.cache/kagglehub/datasets/rhythmghai/ai-vs-real-images-dataset/versions/1/Ai_generated_dataset/nature/image-19.png,AI,1,nature,AI_nature
/Users/bestek/.cache/kagglehub/datasets/rhythmghai/ai-vs-real-images-dataset/versions/1/Ai_generated_dataset/people/image-27.png,AI,1,people,AI_people
/Users/bestek/.cache/kagglehub/datasets/rhythmghai/ai-vs-real-images-dataset/versions/1/Ai_generated_dataset/people/image-15.png,AI,1,people,AI_people
/Users/bestek/.cache/kagglehub/datasets/rhythmghai/ai-vs-real-images-dataset/versions/1/Ai_generated_dataset/animals/image-41.png,AI,1,animals,AI_animals
/Users/bestek/.cache/kagglehub/datasets/rhythmghai/ai-vs-real-images-dataset/versions/1/Ai_generated_dataset/food/image-22.png,AI,1,food,AI_food
/Users/bestek/.cache/kagglehub/datasets/rhythmghai/ai-vs-real-images-dataset/versions/1/Ai_generated_dataset/food/image-46.png,AI,1,food,AI_food
/Users/bestek/.cache/kagglehub/datasets/rhythmghai/ai-vs-real-images-dataset/versions/1/Ai_generated_dataset/nature/image-48.png,AI,1,nature,AI_nature
/Users/bestek/.cache/kagglehub/datasets/rhythmghai/ai-vs-real-images-dataset/versions/1/Ai_generated_dataset/nature/image-13.png,AI,1,nature,AI_nature
/Users/bestek/.cache/kagglehub/datasets/rhythmghai/ai-vs-real-images-dataset/versions/1/Ai_generated_dataset/people/image-21.png,AI,1,people,AI_people
/Users/bestek/.cache/kagglehub/datasets/rhythmghai/ai-vs-real-images-dataset/versions/1/Ai_generated_dataset/food/image-10.png,AI,1,food,AI_food
/Users/bestek/.cache/kagglehub/datasets/rhythmghai/ai-vs-real-images-dataset/versions/1/Ai_generated_dataset/city/image-11.png,AI,1,city,AI_city
/Users/bestek/.cache/kagglehub/datasets/rhythmghai/ai-vs-real-images-dataset/versions/1/Ai_generated_dataset/city/image-14.png,AI,1,city,AI_city
/Users/bestek/.cache/kagglehub/datasets/rhythmghai/ai-vs-real-images-dataset/versions/1/Ai_generated_dataset/people/image-35.png,AI,1,people,AI_people
/Users/bestek/.cache/kagglehub/datasets/rhythmghai/ai-vs-real-images-dataset/versions/1/Ai_generated_dataset/city/image-23.png,AI,1,city,AI_city
/Users/bestek/.cache/kagglehub/datasets/rhythmghai/ai-vs-real-images-dataset/versions/1/Ai_generated_dataset/food/image-37.png,AI,1,food,AI_food
/Users/bestek/.cache/kagglehub/datasets/rhythmghai/ai-vs-real-images-dataset/versions/1/Ai_generated_dataset/people/image-8.png,AI,1,people,AI_people
/Users/bestek/.cache/kagglehub/datasets/rhythmghai/ai-vs-real-images-dataset/versions/1/Ai_generated_dataset/animals/image-10.png,AI,1,animals,AI_animals
/Users/bestek/.cache/kagglehub/datasets/rhythmghai/ai-vs-real-images-dataset/versions/1/Ai_generated_dataset/nature/image-15.png,AI,1,nature,AI_nature
/Users/bestek/.cache/kagglehub/datasets/rhythmghai/ai-vs-real-images-dataset/versions/1/Ai_generated_dataset/city/image-26.png,AI,1,city,AI_city
/Users/bestek/.cache/kagglehub/datasets/rhythmghai/ai-vs-real-images-dataset/versions/1/Ai_generated_dataset/city/image-31.png,AI,1,city,AI_city
/Users/bestek/.cache/kagglehub/datasets/rhythmghai/ai-vs-real-images-dataset/versions/1/Ai_generated_dataset/city/image-34.png,AI,1,city,AI_city
/Users/bestek/.cache/kagglehub/datasets/rhythmghai/ai-vs-real-images-dataset/versions/1/Ai_generated_dataset/city/image-2.png,AI,1,city,AI_city
/Users/bestek/.cache/kagglehub/datasets/rhythmghai/ai-vs-real-images-dataset/versions/1/Ai_generated_dataset/animals/image-25.png,AI,1,animals,AI_animals
/Users/bestek/.cache/kagglehub/datasets/rhythmghai/ai-vs-real-images-dataset/versions/1/Ai_generated_dataset/people/image-42.png,AI,1,people,AI_people
/Users/bestek/.cache/kagglehub/datasets/rhythmghai/ai-vs-real-images-dataset/versions/1/Ai_generated_dataset/food/image-27.png,AI,1,food,AI_food
/Users/bestek/.cache/kagglehub/datasets/rhythmghai/ai-vs-real-images-dataset/versions/1/Ai_generated_dataset/food/image-12.png,AI,1,food,AI_food
/Users/bestek/.cache/kagglehub/datasets/rhythmghai/ai-vs-real-images-dataset/versions/1/Ai_generated_dataset/food/image-17.png,AI,1,food,AI_food
/Users/bestek/.cache/kagglehub/datasets/rhythmghai/ai-vs-real-images-dataset/versions/1/Ai_generated_dataset/food/image-43.png,AI,1,food,AI_food
/Users/bestek/.cache/kagglehub/datasets/rhythmghai/ai-vs-real-images-dataset/versions/1/Ai_generated_dataset/animals/image-9.png,AI,1,animals,AI_animals
/Users/bestek/.cache/kagglehub/datasets/rhythmghai/ai-vs-real-images-dataset/versions/1/Ai_generated_dataset/people/image-14.png,AI,1,people,AI_people
/Users/bestek/.cache/kagglehub/datasets/rhythmghai/ai-vs-real-images-dataset/versions/1/Ai_generated_dataset/food/image-50.png,AI,1,food,AI_food
/Users/bestek/.cache/kagglehub/datasets/rhythmghai/ai-vs-real-images-dataset/versions/1/Ai_generated_dataset/food/image-35.png,AI,1,food,AI_food
/Users/bestek/.cache/kagglehub/datasets/rhythmghai/ai-vs-real-images-dataset/versions/1/Ai_generated_dataset/city/image-25.png,AI,1,city,AI_city
/Users/bestek/.cache/kagglehub/datasets/rhythmghai/ai-vs-real-images-dataset/versions/1/Ai_generated_dataset/food/image-23.png,AI,1,food,AI_food
/Users/bestek/.cache/kagglehub/datasets/rhythmghai/ai-vs-real-images-dataset/versions/1/Ai_generated_dataset/people/image-20.png,AI,1,people,AI_people
/Users/bestek/.cache/kagglehub/datasets/rhythmghai/ai-vs-real-images-dataset/versions/1/Ai_generated_dataset/city/image-20.png,AI,1,city,AI_city
/Users/bestek/.cache/kagglehub/datasets/rhythmghai/ai-vs-real-images-dataset/versions/1/Ai_generated_dataset/food/image-16.png,AI,1,food,AI_food
/Users/bestek/.cache/kagglehub/datasets/rhythmghai/ai-vs-real-images-dataset/versions/1/Ai_generated_dataset/nature/image-45.png,AI,1,nature,AI_nature
/Users/bestek/.cache/kagglehub/datasets/rhythmghai/ai-vs-real-images-dataset/versions/1/Ai_generated_dataset/animals/image-22.png,AI,1,animals,AI_animals
/Users/bestek/.cache/kagglehub/datasets/rhythmghai/ai-vs-real-images-dataset/versions/1/Ai_generated_dataset/nature/image-34.png,AI,1,nature,AI_nature
/Users/bestek/.cache/kagglehub/datasets/rhythmghai/ai-vs-real-images-dataset/versions/1/Ai_generated_dataset/animals/image-28.png,AI,1,animals,AI_animals
/Users/bestek/.cache/kagglehub/datasets/rhythmghai/ai-vs-real-images-dataset/versions/1/Ai_generated_dataset/people/image-38.png,AI,1,people,AI_people
/Users/bestek/.cache/kagglehub/datasets/rhythmghai/ai-vs-real-images-dataset/versions/1/Ai_generated_dataset/city/image-5.png,AI,1,city,AI_city
/Users/bestek/.cache/kagglehub/datasets/rhythmghai/ai-vs-real-images-dataset/versions/1/Ai_generated_dataset/nature/image-27.png,AI,1,nature,AI_nature
/Users/bestek/.cache/kagglehub/datasets/rhythmghai/ai-vs-real-images-dataset/versions/1/Ai_generated_dataset/animals/image-44.png,AI,1,animals,AI_animals
/Users/bestek/.cache/kagglehub/datasets/rhythmghai/ai-vs-real-images-dataset/versions/1/Ai_generated_dataset/animals/image-16.png,AI,1,animals,AI_animals
/Users/bestek/.cache/kagglehub/datasets/rhythmghai/ai-vs-real-images-dataset/versions/1/Ai_generated_dataset/city/image-15.png,AI,1,city,AI_city
/Users/bestek/.cache/kagglehub/datasets/rhythmghai/ai-vs-real-images-dataset/versions/1/Ai_generated_dataset/animals/image-24.png,AI,1,animals,AI_animals
/Users/bestek/.cache/kagglehub/datasets/rhythmghai/ai-vs-real-images-dataset/versions/1/Ai_generated_dataset/food/image-32.png,AI,1,food,AI_food
/Users/bestek/.cache/kagglehub/datasets/rhythmghai/ai-vs-real-images-dataset/versions/1/Ai_generated_dataset/nature/image-22.png,AI,1,nature,AI_nature
/Users/bestek/.cache/kagglehub/datasets/rhythmghai/ai-vs-real-images-dataset/versions/1/Ai_generated_dataset/people/image-31.png,AI,1,people,AI_people
/Users/bestek/.cache/kagglehub/datasets/rhythmghai/ai-vs-real-images-dataset/versions/1/Ai_generated_dataset/city/image-39.png,AI,1,city,AI_city
/Users/bestek/.cache/kagglehub/datasets/rhythmghai/ai-vs-real-images-dataset/versions/1/Ai_generated_dataset/food/image-2.png,AI,1,food,AI_food
/Users/bestek/.cache/kagglehub/datasets/rhythmghai/ai-vs-real-images-dataset/versions/1/Ai_generated_dataset/city/image-8.png,AI,1,city,AI_city
/Users/bestek/.cache/kagglehub/datasets/rhythmghai/ai-vs-real-images-dataset/versions/1/Ai_generated_dataset/city/image-37.png,AI,1,city,AI_city
/Users/bestek/.cache/kagglehub/datasets/rhythmghai/ai-vs-real-images-dataset/versions/1/Ai_generated_dataset/food/image-19.png,AI,1,food,AI_food
/Users/bestek/.cache/kagglehub/datasets/rhythmghai/ai-vs-real-images-dataset/versions/1/Ai_generated_dataset/animals/image.png,AI,1,animals,AI_animals
/Users/bestek/.cache/kagglehub/datasets/rhythmghai/ai-vs-real-images-dataset/versions/1/Ai_generated_dataset/food/image-8.png,AI,1,food,AI_food
/Users/bestek/.cache/kagglehub/datasets/rhythmghai/ai-vs-real-images-dataset/versions/1/Ai_generated_dataset/animals/image-5.png,AI,1,animals,AI_animals
/Users/bestek/.cache/kagglehub/datasets/rhythmghai/ai-vs-real-images-dataset/versions/1/Ai_generated_dataset/animals/image-12.png,AI,1,animals,AI_animals
/Users/bestek/.cache/kagglehub/datasets/rhythmghai/ai-vs-real-images-dataset/versions/1/Ai_generated_dataset/city/image-7.png,AI,1,city,AI_city
/Users/bestek/.cache/kagglehub/datasets/rhythmghai/ai-vs-real-images-dataset/versions/1/Ai_generated_dataset/food/image.png,AI,1,food,AI_food
/Users/bestek/.cache/kagglehub/datasets/rhythmghai/ai-vs-real-images-dataset/versions/1/Ai_generated_dataset/city/image-50.png,AI,1,city,AI_city
/Users/bestek/.cache/kagglehub/datasets/rhythmghai/ai-vs-real-images-dataset/versions/1/Ai_generated_dataset/animals/image-21.png,AI,1,animals,AI_animals
/Users/bestek/.cache/kagglehub/datasets/rhythmghai/ai-vs-real-images-dataset/versions/1/Ai_generated_dataset/nature/image-17.png,AI,1,nature,AI_nature
/Users/bestek/.cache/kagglehub/datasets/rhythmghai/ai-vs-real-images-dataset/versions/1/Ai_generated_dataset/animals/image-17.png,AI,1,animals,AI_animals
/Users/bestek/.cache/kagglehub/datasets/rhythmghai/ai-vs-real-images-dataset/versions/1/Ai_generated_dataset/food/image-26.png,AI,1,food,AI_food
/Users/bestek/.cache/kagglehub/datasets/rhythmghai/ai-vs-real-images-dataset/versions/1/Ai_generated_dataset/city/image-24.png,AI,1,city,AI_city
/Users/bestek/.cache/kagglehub/datasets/rhythmghai/ai-vs-real-images-dataset/versions/1/Ai_generated_dataset/nature/image-40.png,AI,1,nature,AI_nature
/Users/bestek/.cache/kagglehub/datasets/rhythmghai/ai-vs-real-images-dataset/versions/1/Ai_generated_dataset/people/image-19.png,AI,1,people,AI_people
/Users/bestek/.cache/kagglehub/datasets/rhythmghai/ai-vs-real-images-dataset/versions/1/Ai_generated_dataset/food/image-42.png,AI,1,food,AI_food
/Users/bestek/.cache/kagglehub/datasets/rhythmghai/ai-vs-real-images-dataset/versions/1/Ai_generated_dataset/people/image-12.png,AI,1,people,AI_people
/Users/bestek/.cache/kagglehub/datasets/rhythmghai/ai-vs-real-images-dataset/versions/1/Ai_generated_dataset/nature/image-31.png,AI,1,nature,AI_nature
/Users/bestek/.cache/kagglehub/datasets/rhythmghai/ai-vs-real-images-dataset/versions/1/Ai_generated_dataset/food/image-41.png,AI,1,food,AI_food
/Users/bestek/.cache/kagglehub/datasets/rhythmghai/ai-vs-real-images-dataset/versions/1/Ai_generated_dataset/food/image-18.png,AI,1,food,AI_food
/Users/bestek/.cache/kagglehub/datasets/rhythmghai/ai-vs-real-images-dataset/versions/1/Ai_generated_dataset/city/image-42.png,AI,1,city,AI_city
/Users/bestek/.cache/kagglehub/datasets/rhythmghai/ai-vs-real-images-dataset/versions/1/Ai_generated_dataset/food/image-47.png,AI,1,food,AI_food
/Users/bestek/.cache/kagglehub/datasets/rhythmghai/ai-vs-real-images-dataset/versions/1/Ai_generated_dataset/people/image-40.png,AI,1,people,AI_people
/Users/bestek/.cache/kagglehub/datasets/rhythmghai/ai-vs-real-images-dataset/versions/1/Ai_generated_dataset/nature/image-47.png,AI,1,nature,AI_nature
/Users/bestek/.cache/kagglehub/datasets/rhythmghai/ai-vs-real-images-dataset/versions/1/Ai_generated_dataset/people/image-45.png,AI,1,people,AI_people
/Users/bestek/.cache/kagglehub/datasets/rhythmghai/ai-vs-real-images-dataset/versions/1/Ai_generated_dataset/nature/image-29.png,AI,1,nature,AI_nature
/Users/bestek/.cache/kagglehub/datasets/rhythmghai/ai-vs-real-images-dataset/versions/1/Ai_generated_dataset/people/image-26.png,AI,1,people,AI_people
/Users/bestek/.cache/kagglehub/datasets/rhythmghai/ai-vs-real-images-dataset/versions/1/Ai_generated_dataset/animals/image-2.png,AI,1,animals,AI_animals
/Users/bestek/.cache/kagglehub/datasets/rhythmghai/ai-vs-real-images-dataset/versions/1/Ai_generated_dataset/animals/image-7.png,AI,1,animals,AI_animals
/Users/bestek/.cache/kagglehub/datasets/rhythmghai/ai-vs-real-images-dataset/versions/1/Ai_generated_dataset/people/image-48.png,AI,1,people,AI_people
/Users/bestek/.cache/kagglehub/datasets/rhythmghai/ai-vs-real-images-dataset/versions/1/Ai_generated_dataset/people/image-47.png,AI,1,people,AI_people
/Users/bestek/.cache/kagglehub/datasets/rhythmghai/ai-vs-real-images-dataset/versions/1/Ai_generated_dataset/animals/image-30.png,AI,1,animals,AI_animals
/Users/bestek/.cache/kagglehub/datasets/rhythmghai/ai-vs-real-images-dataset/versions/1/Ai_generated_dataset/food/image-25.png,AI,1,food,AI_food
/Users/bestek/.cache/kagglehub/datasets/rhythmghai/ai-vs-real-images-dataset/versions/1/Ai_generated_dataset/city/image-29.png,AI,1,city,AI_city
/Users/bestek/.cache/kagglehub/datasets/rhythmghai/ai-vs-real-images-dataset/versions/1/Ai_generated_dataset/people/image-50.png,AI,1,people,AI_people
/Users/bestek/.cache/kagglehub/datasets/rhythmghai/ai-vs-real-images-dataset/versions/1/Ai_generated_dataset/people/image-22.png,AI,1,people,AI_people
/Users/bestek/.cache/kagglehub/datasets/rhythmghai/ai-vs-real-images-dataset/versions/1/Ai_generated_dataset/people/image-29.png,AI,1,people,AI_people
/Users/bestek/.cache/kagglehub/datasets/rhythmghai/ai-vs-real-images-dataset/versions/1/Ai_generated_dataset/people/image-43.png,AI,1,people,AI_people
/Users/bestek/.cache/kagglehub/datasets/rhythmghai/ai-vs-real-images-dataset/versions/1/Ai_generated_dataset/nature/image-44.png,AI,1,nature,AI_nature
/Users/bestek/.cache/kagglehub/datasets/rhythmghai/ai-vs-real-images-dataset/versions/1/Ai_generated_dataset/animals/image-23.png,AI,1,animals,AI_animals
/Users/bestek/.cache/kagglehub/datasets/rhythmghai/ai-vs-real-images-dataset/versions/1/Ai_generated_dataset/city/image-4.png,AI,1,city,AI_city
/Users/bestek/.cache/kagglehub/datasets/rhythmghai/ai-vs-real-images-dataset/versions/1/Ai_generated_dataset/people/image-28.png,AI,1,people,AI_people
/Users/bestek/.cache/kagglehub/datasets/rhythmghai/ai-vs-real-images-dataset/versions/1/Ai_generated_dataset/nature/image-20.png,AI,1,nature,AI_nature
/Users/bestek/.cache/kagglehub/datasets/rhythmghai/ai-vs-real-images-dataset/versions/1/Ai_generated_dataset/people/image-3.png,AI,1,people,AI_people
/Users/bestek/.cache/kagglehub/datasets/rhythmghai/ai-vs-real-images-dataset/versions/1/Ai_generated_dataset/city/image-22.png,AI,1,city,AI_city
/Users/bestek/.cache/kagglehub/datasets/rhythmghai/ai-vs-real-images-dataset/versions/1/Ai_generated_dataset/nature/image-30.png,AI,1,nature,AI_nature
/Users/bestek/.cache/kagglehub/datasets/rhythmghai/ai-vs-real-images-dataset/versions/1/Ai_generated_dataset/food/image-13.png,AI,1,food,AI_food
/Users/bestek/.cache/kagglehub/datasets/rhythmghai/ai-vs-real-images-dataset/versions/1/Ai_generated_dataset/animals/image-43.png,AI,1,animals,AI_animals
/Users/bestek/.cache/kagglehub/datasets/rhythmghai/ai-vs-real-images-dataset/versions/1/Ai_generated_dataset/food/image-40.png,AI,1,food,AI_food
/Users/bestek/.cache/kagglehub/datasets/rhythmghai/ai-vs-real-images-dataset/versions/1/Ai_generated_dataset/nature/image-3.png,AI,1,nature,AI_nature
/Users/bestek/.cache/kagglehub/datasets/rhythmghai/ai-vs-real-images-dataset/versions/1/Ai_generated_dataset/nature/image-16.png,AI,1,nature,AI_nature
/Users/bestek/.cache/kagglehub/datasets/rhythmghai/ai-vs-real-images-dataset/versions/1/Ai_generated_dataset/nature/image-43.png,AI,1,nature,AI_nature
/Users/bestek/.cache/kagglehub/datasets/rhythmghai/ai-vs-real-images-dataset/versions/1/Ai_generated_dataset/people/image-16.png,AI,1,people,AI_people
/Users/bestek/.cache/kagglehub/datasets/rhythmghai/ai-vs-real-images-dataset/versions/1/Ai_generated_dataset/people/image-6.png,AI,1,people,AI_people
/Users/bestek/.cache/kagglehub/datasets/rhythmghai/ai-vs-real-images-dataset/versions/1/Ai_generated_dataset/animals/image-4.png,AI,1,animals,AI_animals
/Users/bestek/.cache/kagglehub/datasets/rhythmghai/ai-vs-real-images-dataset/versions/1/Ai_generated_dataset/people/image-2.png,AI,1,people,AI_people
/Users/bestek/.cache/kagglehub/datasets/rhythmghai/ai-vs-real-images-dataset/versions/1/Ai_generated_dataset/city/image-17.png,AI,1,city,AI_city
/Users/bestek/.cache/kagglehub/datasets/rhythmghai/ai-vs-real-images-dataset/versions/1/Ai_generated_dataset/nature/image-5.png,AI,1,nature,AI_nature
/Users/bestek/.cache/kagglehub/datasets/rhythmghai/ai-vs-real-images-dataset/versions/1/Ai_generated_dataset/nature/image-2.png,AI,1,nature,AI_nature
/Users/bestek/.cache/kagglehub/datasets/rhythmghai/ai-vs-real-images-dataset/versions/1/Ai_generated_dataset/nature/image-32.png,AI,1,nature,AI_nature
/Users/bestek/.cache/kagglehub/datasets/rhythmghai/ai-vs-real-images-dataset/versions/1/Ai_generated_dataset/people/image-7.png,AI,1,people,AI_people
/Users/bestek/.cache/kagglehub/datasets/rhythmghai/ai-vs-real-images-dataset/versions/1/Ai_generated_dataset/nature/image-41.png,AI,1,nature,AI_nature
/Users/bestek/.cache/kagglehub/datasets/rhythmghai/ai-vs-real-images-dataset/versions/1/Ai_generated_dataset/food/image-48.png,AI,1,food,AI_food
/Users/bestek/.cache/kagglehub/datasets/rhythmghai/ai-vs-real-images-dataset/versions/1/Ai_generated_dataset/city/image-43.png,AI,1,city,AI_city
/Users/bestek/.cache/kagglehub/datasets/rhythmghai/ai-vs-real-images-dataset/versions/1/Ai_generated_dataset/people/image.png,AI,1,people,AI_people
/Users/bestek/.cache/kagglehub/datasets/rhythmghai/ai-vs-real-images-dataset/versions/1/Ai_generated_dataset/nature/image-28.png,AI,1,nature,AI_nature
/Users/bestek/.cache/kagglehub/datasets/rhythmghai/ai-vs-real-images-dataset/versions/1/Ai_generated_dataset/food/image-31.png,AI,1,food,AI_food
/Users/bestek/.cache/kagglehub/datasets/rhythmghai/ai-vs-real-images-dataset/versions/1/Ai_generated_dataset/people/image-41.png,AI,1,people,AI_people
/Users/bestek/.cache/kagglehub/datasets/rhythmghai/ai-vs-real-images-dataset/versions/1/Ai_generated_dataset/animals/image-19.png,AI,1,animals,AI_animals
/Users/bestek/.cache/kagglehub/datasets/rhythmghai/ai-vs-real-images-dataset/versions/1/Ai_generated_dataset/food/image-24.png,AI,1,food,AI_food
/Users/bestek/.cache/kagglehub/datasets/rhythmghai/ai-vs-real-images-dataset/versions/1/Ai_generated_dataset/city/image-35.png,AI,1,city,AI_city
/Users/bestek/.cache/kagglehub/datasets/rhythmghai/ai-vs-real-images-dataset/versions/1/Ai_generated_dataset/nature/image-26.png,AI,1,nature,AI_nature
/Users/bestek/.cache/kagglehub/datasets/rhythmghai/ai-vs-real-images-dataset/versions/1/Ai_generated_dataset/people/image-30.png,AI,1,people,AI_people
/Users/bestek/.cache/kagglehub/datasets/rhythmghai/ai-vs-real-images-dataset/versions/1/Ai_generated_dataset/food/image-39.png,AI,1,food,AI_food
/Users/bestek/.cache/kagglehub/datasets/rhythmghai/ai-vs-real-images-dataset/versions/1/Ai_generated_dataset/people/image-23.png,AI,1,people,AI_people
/Users/bestek/.cache/kagglehub/datasets/rhythmghai/ai-vs-real-images-dataset/versions/1/Ai_generated_dataset/animals/image-46.png,AI,1,animals,AI_animals
/Users/bestek/.cache/kagglehub/datasets/rhythmghai/ai-vs-real-images-dataset/versions/1/Ai_generated_dataset/people/image-4.png,AI,1,people,AI_people
/Users/bestek/.cache/kagglehub/datasets/rhythmghai/ai-vs-real-images-dataset/versions/1/Ai_generated_dataset/animals/image-38.png,AI,1,animals,AI_animals
/Users/bestek/.cache/kagglehub/datasets/rhythmghai/ai-vs-real-images-dataset/versions/1/Ai_generated_dataset/nature/image-42.png,AI,1,nature,AI_nature
/Users/bestek/.cache/kagglehub/datasets/rhythmghai/ai-vs-real-images-dataset/versions/1/Ai_generated_dataset/food/image-14.png,AI,1,food,AI_food
/Users/bestek/.cache/kagglehub/datasets/rhythmghai/ai-vs-real-images-dataset/versions/1/Ai_generated_dataset/animals/image-18.png,AI,1,animals,AI_animals
/Users/bestek/.cache/kagglehub/datasets/rhythmghai/ai-vs-real-images-dataset/versions/1/Ai_generated_dataset/nature/image-25.png,AI,1,nature,AI_nature
/Users/bestek/.cache/kagglehub/datasets/rhythmghai/ai-vs-real-images-dataset/versions/1/Ai_generated_dataset/nature/image-38.png,AI,1,nature,AI_nature
/Users/bestek/.cache/kagglehub/datasets/rhythmghai/ai-vs-real-images-dataset/versions/1/Ai_generated_dataset/people/image-5.png,AI,1,people,AI_people
/Users/bestek/.cache/kagglehub/datasets/rhythmghai/ai-vs-real-images-dataset/versions/1/Ai_generated_dataset/nature/image-46.png,AI,1,nature,AI_nature
/Users/bestek/.cache/kagglehub/datasets/rhythmghai/ai-vs-real-images-dataset/versions/1/Ai_generated_dataset/animals/image-3.png,AI,1,animals,AI_animals
/Users/bestek/.cache/kagglehub/datasets/rhythmghai/ai-vs-real-images-dataset/versions/1/Ai_generated_dataset/food/image-9.png,AI,1,food,AI_food
/Users/bestek/.cache/kagglehub/datasets/rhythmghai/ai-vs-real-images-dataset/versions/1/Ai_generated_dataset/animals/image-33.png,AI,1,animals,AI_animals
/Users/bestek/.cache/kagglehub/datasets/rhythmghai/ai-vs-real-images-dataset/versions/1/Ai_generated_dataset/city/image-10.png,AI,1,city,AI_city
/Users/bestek/.cache/kagglehub/datasets/rhythmghai/ai-vs-real-images-dataset/versions/1/Ai_generated_dataset/nature/image-14.png,AI,1,nature,AI_nature
/Users/bestek/.cache/kagglehub/datasets/rhythmghai/ai-vs-real-images-dataset/versions/1/Ai_generated_dataset/animals/image-39.png,AI,1,animals,AI_animals
/Users/bestek/.cache/kagglehub/datasets/rhythmghai/ai-vs-real-images-dataset/versions/1/Ai_generated_dataset/nature/image-37.png,AI,1,nature,AI_nature
/Users/bestek/.cache/kagglehub/datasets/rhythmghai/ai-vs-real-images-dataset/versions/1/Ai_generated_dataset/people/image-33.png,AI,1,people,AI_people
/Users/bestek/.cache/kagglehub/datasets/rhythmghai/ai-vs-real-images-dataset/versions/1/Ai_generated_dataset/nature/image-23.png,AI,1,nature,AI_nature
/Users/bestek/.cache/kagglehub/datasets/rhythmghai/ai-vs-real-images-dataset/versions/1/Ai_generated_dataset/city/image-45.png,AI,1,city,AI_city
/Users/bestek/.cache/kagglehub/datasets/rhythmghai/ai-vs-real-images-dataset/versions/1/Ai_generated_dataset/animals/image-45.png,AI,1,animals,AI_animals
/Users/bestek/.cache/kagglehub/datasets/rhythmghai/ai-vs-real-images-dataset/versions/1/Ai_generated_dataset/people/image-36.png,AI,1,people,AI_people
/Users/bestek/.cache/kagglehub/datasets/rhythmghai/ai-vs-real-images-dataset/versions/1/Ai_generated_dataset/nature/image-4.png,AI,1,nature,AI_nature
/Users/bestek/.cache/kagglehub/datasets/rhythmghai/ai-vs-real-images-dataset/versions/1/Ai_generated_dataset/food/image-6.png,AI,1,food,AI_food
/Users/bestek/.cache/kagglehub/datasets/rhythmghai/ai-vs-real-images-dataset/versions/1/Ai_generated_dataset/city/image-9.png,AI,1,city,AI_city
/Users/bestek/.cache/kagglehub/datasets/rhythmghai/ai-vs-real-images-dataset/versions/1/Ai_generated_dataset/animals/image-49.png,AI,1,animals,AI_animals
/Users/bestek/.cache/kagglehub/datasets/rhythmghai/ai-vs-real-images-dataset/versions/1/Ai_generated_dataset/animals/image-14.png,AI,1,animals,AI_animals
/Users/bestek/.cache/kagglehub/datasets/rhythmghai/ai-vs-real-images-dataset/versions/1/Ai_generated_dataset/animals/image-34.png,AI,1,animals,AI_animals
/Users/bestek/.cache/kagglehub/datasets/rhythmghai/ai-vs-real-images-dataset/versions/1/Ai_generated_dataset/animals/image-50.png,AI,1,animals,AI_animals
/Users/bestek/.cache/kagglehub/datasets/rhythmghai/ai-vs-real-images-dataset/versions/1/Ai_generated_dataset/animals/image-31.png,AI,1,animals,AI_animals
/Users/bestek/.cache/kagglehub/datasets/rhythmghai/ai-vs-real-images-dataset/versions/1/Ai_generated_dataset/animals/image-20.png,AI,1,animals,AI_animals
/Users/bestek/.cache/kagglehub/datasets/rhythmghai/ai-vs-real-images-dataset/versions/1/Ai_generated_dataset/city/image-46.png,AI,1,city,AI_city
/Users/bestek/.cache/kagglehub/datasets/rhythmghai/ai-vs-real-images-dataset/versions/1/Ai_generated_dataset/nature/image-24.png,AI,1,nature,AI_nature
/Users/bestek/.cache/kagglehub/datasets/rhythmghai/ai-vs-real-images-dataset/versions/1/Ai_generated_dataset/city/image-41.png,AI,1,city,AI_city
/Users/bestek/.cache/kagglehub/datasets/rhythmghai/ai-vs-real-images-dataset/versions/1/Ai_generated_dataset/nature/image-36.png,AI,1,nature,AI_nature
/Users/bestek/.cache/kagglehub/datasets/rhythmghai/ai-vs-real-images-dataset/versions/1/Ai_generated_dataset/city/image-38.png,AI,1,city,AI_city
/Users/bestek/.cache/kagglehub/datasets/rhythmghai/ai-vs-real-images-dataset/versions/1/Ai_generated_dataset/food/image-30.png,AI,1,food,AI_food
/Users/bestek/.cache/kagglehub/datasets/rhythmghai/ai-vs-real-images-dataset/versions/1/Ai_generated_dataset/food/image-36.png,AI,1,food,AI_food
/Users/bestek/.cache/kagglehub/datasets/rhythmghai/ai-vs-real-images-dataset/versions/1/Ai_generated_dataset/city/image-36.png,AI,1,city,AI_city
/Users/bestek/.cache/kagglehub/datasets/rhythmghai/ai-vs-real-images-dataset/versions/1/Ai_generated_dataset/animals/image-29.png,AI,1,animals,AI_animals
/Users/bestek/.cache/kagglehub/datasets/rhythmghai/ai-vs-real-images-dataset/versions/1/Ai_generated_dataset/city/image-16.png,AI,1,city,AI_city
/Users/bestek/.cache/kagglehub/datasets/rhythmghai/ai-vs-real-images-dataset/versions/1/Ai_generated_dataset/city/image-13.png,AI,1,city,AI_city
/Users/bestek/.cache/kagglehub/datasets/rhythmghai/ai-vs-real-images-dataset/versions/1/Ai_generated_dataset/food/image-38.png,AI,1,food,AI_food
